Consultas principales,Clics,Impresiones,CTR,Posición
xtreme gym,6,100,6%,3.67
extreme gym,5,44,11.36%,4.86
xtreme gym ciudad quesada,3,34,8.82%,1.85
gimnasio xtreme,2,27,7.41%,8.78
xtremegym,2,7,28.57%,3.14
gimnasio ciudad quesada,1,25,4%,3.96
xtreme gym guadalupe,1,14,7.14%,6.86
gimnasios ciudad quesada,1,11,9.09%,2.55
gimnasios en ciudad quesada,1,10,10%,1.5
x treme,1,2,50%,1.5
gimnasio near me,1,2,50%,4.5
best gyms nearby,0,60,0%,1
gym ciudad quesada,0,58,0%,2.59
cq,0,58,0%,2.76
gym near me,0,17,0%,1
ciudad quesada gym,0,13,0%,1.54
gym xtreme,0,12,0%,2.75
smart fit,0,10,0%,2
gym extreme,0,10,0%,4.9
xtreme,0,9,0%,3.11
gimnasio,0,8,0%,2.5
gym,0,8,0%,2.75
extreme,0,7,0%,2
gym near me 24 hours,0,6,0%,1
trx,0,6,0%,5.67
spinning,0,5,0%,3
xtreme gimnasio,0,5,0%,4.6
crossfit ciudad quesada,0,5,0%,6.8
gimnasios,0,4,0%,3
xtrem gym,0,4,0%,6.25
x treme gym,0,4,0%,7.5
xtreme gym fotos,0,4,0%,9.75
gimnasios en san carlos,0,3,0%,1
gym san carlos,0,3,0%,1.33
c q,0,3,0%,3.33
gimnasios cerca de mi,0,3,0%,5.33
planet fitness,0,3,0%,6
gimnasio power extreme,0,3,0%,43.67
gimnasio en san carlos,0,2,0%,1
gym alajuela,0,2,0%,1
gyms,0,2,0%,1
gym near me en un área de 400m,0,2,0%,1.5
contacto smart fit,0,2,0%,2.5
horario xtreme gym,0,2,0%,3
hack gym,0,2,0%,3.5
gimnasios costa rica,0,2,0%,7
xtreme gym precio,0,2,0%,8
gym cerca de mi,0,2,0%,10
gimnasios en alajuela baratos,0,2,0%,16
camaras de bronceado cerca de mi,0,1,0%,1
club 4,0,1,0%,1
donde esta ubicado,0,1,0%,1
el gym,0,1,0%,1
extrem gym,0,1,0%,1
extreme gum,0,1,0%,1
futbol fitness,0,1,0%,1
gimnasio gym,0,1,0%,1
gimnasio más cerca de mi ubicación,0,1,0%,1
gimnasion,0,1,0%,1
gym booklet mechanical printing curi chan,0,1,0%,1
gym cerca,0,1,0%,1
gym en san carlos,0,1,0%,1
gym in san carlos,0,1,0%,1
gym membership deals,0,1,0%,1
gym membership deals near me,0,1,0%,1
jumping gym,0,1,0%,1
lugares para ejercitarse cerca de mi,0,1,0%,1
salle de sport,0,1,0%,1
xtreme gum,0,1,0%,1
cq',0,1,0%,2
el gimnasio,0,1,0%,2
planet gitness,0,1,0%,2
pumping gym,0,1,0%,2
xextreme,0,1,0%,2
xtrem,0,1,0%,2
gimnacios,0,1,0%,3
gym que abran a las 5 am,0,1,0%,3
gimnasio cerca de mi,0,1,0%,4
gyms near by,0,1,0%,4
super gym near me,0,1,0%,4
un gimnasio,0,1,0%,4
condicioning,0,1,0%,5
smart fit cerca de mi,0,1,0%,5
gym center,0,1,0%,6
step up gym,0,1,0%,6
elípticas gym,0,1,0%,7
gimnasio extremo,0,1,0%,7
gym crossfit,0,1,0%,8
mini gym,0,1,0%,8
xtreme fitness,0,1,0%,8
"""inbody"" -site:reddit.com -site:twitter.com -site:x.com -site:wykop.pl 
-site:tripadvisor.com -site:youtube.com -site:yelp.com -site:booking.com 
-site:facebook.com -site:instagram.com -site:tiktok.com",0,1,0%,9
gym xtreme fitness,0,1,0%,9
maquinas de spinning,0,1,0%,10
hack squat gym,0,1,0%,11
gimnasio xtreme force,0,1,0%,12
gimnasios san carlos,0,1,0%,12
plancha gym,0,1,0%,12
gimnasios en alajuela,0,1,0%,21
gimnasios en alajuela centro,0,1,0%,35
gimnasios en guadalupe,0,1,0%,38
gym en alajuela,0,1,0%,40
gimnasios guadalupe,0,1,0%,41