Páginas principales,Clics,Impresiones,CTR,Posición
http://www.xtremecr.com/,19,856,2.22%,2.87
https://www.xtremecr.com/,11,245,4.49%,6.16
https://xtremecr.com/precios,3,79,3.8%,9.11
https://www.xtremecr.com/en,3,44,6.82%,11.23
https://www.xtremecr.com/precios,2,75,2.67%,9.55
https://www.xtremecr.com/zonas,2,67,2.99%,10.73
https://www.xtremecr.com/en/training,1,5,20%,16.6
https://www.xtremecr.com/contacto,0,79,0%,9.85
https://xtremecr.com/zonas,0,29,0%,10.45
https://xtremecr.com/contacto,0,23,0%,9.48
https://xtremecr.com/preguntas,0,21,0%,10.05
https://www.xtremecr.com/preguntas,0,14,0%,14.36
https://www.xtremecr.com/beneficios,0,14,0%,20.14
https://www.xtremecr.com/terminos,0,7,0%,8.43
https://www.xtremecr.com/en/contact,0,6,0%,5.33
https://www.xtremecr.com/en/prices,0,6,0%,14.5
https://www.xtremecr.com/primer-dia,0,6,0%,18.67
https://xtremecr.com/normas,0,4,0%,17.25
https://xtremecr.com/beneficios,0,3,0%,17
https://xtremecr.com/en/seniors,0,2,0%,6
https://xtremecr.com/en/prices,0,2,0%,7
https://www.xtremecr.com/bronceado,0,2,0%,8
https://www.xtremecr.com/adultos-mayores,0,2,0%,46.5
https://www.xtremecr.com/en/first-day,0,1,0%,2
https://www.xtremecr.com/normas,0,1,0%,2
https://xtremecr.com/en/training,0,1,0%,9